-70,-70,-70,-70
-70,-70,-70,-70
-70,-70,-70,-70
-70,-70,-70,-70
-70,-70,-70,-70
-70,-70,-70,-70
-70,-70,-70,-70
-70,-70,-70,-70
-70,-70,-70,-70
-70,-70,-70,-70
-70,-70,-70,-70
-70,-70,-70,-70
-70,-70,-70,-70
-70,-70,-70,-70
-70,-70,-70,-70
-70,-70,-70,-70
-70,-70,-70,-70
-70,-70,-70,-70
-70,-70,-70,-70
-70,-70,-70,-70
-70,-70,-70,-70
-70,-70,-70,-70
-70,-70,-70,-70
-70,-70,-70,-70
-70,-70,-70,-70
-70,-70,-70,-70
-70,-70,-70,-70
-70,-70,-70,-70
-70,-70,-70,-70
-70,-70,-70,-70
-70,-70,-70,-70
-70,-70,-70,-70
-70,-70,-70,-70
-70,-70,-70,-70
-70,-70,-70,-70
-70,-70,-70,-70
-70,-70,-70,-70
-70,-70,-70,-70
-70,-70,-70,-70
-70,-70,-70,-70
-70,-70,-70,-70
-70,-70,-70,-70
-70,-70,-70,-70
-70,-70,-70,-70
-70,-70,-70,-70
-70,-70,-70,-70
-70,-70,-70,-70
-70,-70,-70,-70
-70,-70,-70,-70
-70,-70,-70,-70
-70,-70,-70,-70
-70,-70,-70,-70
-70,-70,-70,-70
-70,-70,-70,-70
-70,-70,-70,-70
-70,-70,-70,-70
-70,-70,-70,-70
-70,-70,-70,-70
-70,-70,-70,-70
-70,-70,-70,-70
-70,-70,-70,-70
-70,-70,-70,-70
-70,-70,-70,-70
-70,-70,-70,-70
-70,-70,-70,-70
-70,-70,-70,-70
-70,-70,-70,-70
-70,-70,-70,-70
-70,-70,-70,-70
-70,-70,-70,-70
-70,-70,-70,-70
-70,-70,-70,-70
-70,-70,-70,-70
-70,-70,-70,-70
-70,-70,-70,-70
-70,-70,-70,-70
-70,-70,-70,-70
-70,-70,-70,-70
-70,-70,-70,-70
-70,-70,-70,-70
-70,-70,-70,-70
-70,-70,-70,-70
-70,-70,-70,-70
-70,-70,-70,-70
-70,-70,-70,-70
-70,-70,-70,-70
-70,-70,-70,-70
-70,-70,-70,-70
-70,-70,-70,-70
-70,-70,-70,-70
-70,-70,-70,-70
-70,-70,-70,-70
-70,-70,-70,-70
-70,-70,-70,-70
-70,-70,-70,-70
-70,-70,-70,-70
-70,-70,-70,-70
-70,-70,-70,-70
-70,-70,-70,-70
-10,-70,-70,-70
-70,-70,-67.2,-70
-70,-70,-64.568,-70
-70,-70,-62.094,-70
-70,-70,-59.768,-70
-70,-70,-57.582,-70
-70,-70,-55.527,-70
-70,-70,-53.594,-70
-70,-70,-51.776,-70.001
-70,-70,-50.064,-70.002
-70,-70,-48.447,-70.004
-70,-70,-46.912,-70.01
-70,-70,-45.44,-70.022
-70,-70,-44.001,-70.046
-70,-70,-42.552,-70.093
-70,-70,-41.027,-70.178
-70,-70,-39.351,-70.323
-70,-70,-37.476,-70.545
-70,-70,-35.459,-70.837
-70,-70,-33.446,-71.168
-70,-70,-31.55,-71.507
-70,-70,-29.814,-71.842
-70,-70,-28.239,-72.166
-70,-70,-26.819,-72.478
-70,-70,-25.538,-72.779
-70,-70,-24.385,-73.067
-70,-70,-23.347,-73.344
-70,-70,-22.413,-73.61
-70,-70,-21.571,-73.866
-70,-70,-20.814,-74.111
-70,-70,-20.133,-74.347
-70,-70,-19.52,-74.573
-70,-70,-18.968,-74.79
-70,-70,-18.471,-74.998
-70,-70,-18.024,-75.198
-70,-70,-17.622,-75.391
-70,-70,-17.259,-75.575
-70,-70,-16.933,-75.752
-70,-70,-16.64,-75.922
-70,-70,-16.376,-76.085
-70,-70,-16.139,-76.242
-70,-70,-15.925,-76.392
-70,-70,-15.732,-76.536
-70,-70,-15.559,-76.675
-70,-70,-15.403,-76.808
-70,-70,-15.263,-76.935
-70,-70,-15.137,-77.058
-70,-70,-15.023,-77.176
-70,-70,-14.921,-77.289
-70,-70,-14.829,-77.397
-70,-70,-14.746,-77.501
-70,-70,-14.671,-77.601
-70,-70,-14.604,-77.697
-70,-70,-14.544,-77.789
-70,-70,-14.489,-77.878
-70,-70,-14.44,-77.963
-70,-70,-14.396,-78.044
-70,-70,-14.357,-78.122
-70,-70,-14.321,-78.197
-70,-70,-14.289,-78.27
-70,-70,-14.26,-78.339
-70,-70,-14.234,-78.405
-70,-70,-14.211,-78.469
-70,-70,-14.19,-78.53
-70,-70,-14.171,-78.589
-70,-70,-14.154,-78.645
-70,-70,-14.138,-78.7
-70,-70,-14.124,-78.752
-70,-70,-14.112,-78.802
-70,-70,-14.101,-78.85
-70,-70,-14.091,-78.896
-70,-70,-14.082,-78.94
-70,-70,-14.073,-78.982
-70,-70,-14.066,-79.023
-70,-70,-14.059,-79.062
-70,-70,-14.054,-79.099
-70,-70,-14.048,-79.135
-70,-70,-14.043,-79.17
-70,-70,-14.039,-79.203
-70,-70,-14.035,-79.235
-70,-70,-14.032,-79.266
-70,-70,-14.028,-79.295
-70,-70,-14.026,-79.323
-70,-70,-14.023,-79.35
-70,-70,-14.021,-79.376
-70,-70,-14.019,-79.401
-70,-70,-14.017,-79.425
-70,-70,-14.015,-79.448
-70,-70,-14.014,-79.47
-70,-70,-14.012,-79.491
-70,-70,-14.011,-79.512
-70,-70,-14.01,-79.531
-70,-70,-14.009,-79.55
-70,-70,-14.008,-79.568
-70,-70,-14.007,-79.585
-70,-70,-14.007,-79.602
-70,-70,-14.006,-79.618
-70,-70,-14.005,-79.633
-70,-70,-14.005,-79.648
-70,-70,-14.004,-79.662
-70,-70,-14.004,-79.675
-70,-70,-14.564,-79.688
-70,-70,-15.09,-79.701
-70,-70,-15.584,-79.713
-70,-70,-16.049,-79.724
-70,-70,-16.486,-79.735
-70,-70,-16.897,-79.746
-70,-70,-17.283,-79.756
-70,-70,-17.646,-79.766
-70,-70,-17.988,-79.775
-70,-70,-18.308,-79.784
-70,-70,-18.61,-79.793
-70,-70,-18.893,-79.801
-70,-70,-19.16,-79.809
-70,-70,-19.41,-79.817
-70,-70,-19.646,-79.824
-70,-70,-19.867,-79.831
-70,-70,-20.075,-79.838
-70,-70,-20.27,-79.844
-70,-70,-20.454,-79.85
-70,-70,-20.627,-79.856
-70,-70,-20.789,-79.862
-70,-70,-20.942,-79.868
-70,-70,-21.086,-79.873
-70,-70,-21.221,-79.878
-70,-70,-21.347,-79.883
-70,-70,-21.467,-79.888
-70,-70,-21.579,-79.892
-70,-70,-21.684,-79.896
-70,-70,-21.783,-79.9
-70,-70,-21.876,-79.904
-70,-70,-21.964,-79.908
-70,-70,-22.046,-79.912
-70,-70,-22.123,-79.915
-70,-70,-22.196,-79.919
-70,-70,-22.264,-79.922
-70,-70,-22.329,-79.925
-70,-70,-22.389,-79.928
-70,-70,-22.446,-79.931
-70,-70,-22.499,-79.934
-70,-70,-22.549,-79.936
-70,-70,-22.597,-79.939
-70,-70,-22.641,-79.941
-70,-70,-22.683,-79.943
-70,-70,-22.722,-79.946
-70,-70,-22.759,-79.948
-70,-70,-22.793,-79.95
-70,-70,-22.826,-79.952
-70,-70,-22.857,-79.954
-70,-70,-22.885,-79.956
-70,-70,-22.912,-79.957
-70,-70,-22.938,-79.959
-70,-70,-22.962,-79.961
-70,-70,-22.984,-79.962
-70,-70,-23.005,-79.964
-70,-70,-23.025,-79.965
-70,-70,-23.044,-79.966
-70,-70,-23.061,-79.968
-70,-70,-23.078,-79.969
-70,-70,-23.093,-79.97
-70,-70,-23.108,-79.971
-70,-70,-23.122,-79.972
-70,-70,-23.135,-79.973
-70,-70,-23.147,-79.974
-70,-70,-23.158,-79.975
-70,-70,-23.169,-79.976
-70,-70,-23.179,-79.977
-70,-70,-23.188,-79.978
-70,-70,-23.197,-79.979
-70,-70,-23.206,-79.98
-70,-70,-23.214,-79.981
-70,-70,-23.221,-79.981
-70,-70,-23.228,-79.982
-70,-70,-23.234,-79.983
-70,-70,-23.241,-79.983
-70,-70,-23.246,-79.984
-70,-70,-23.252,-79.984
-70,-70,-23.257,-79.985
-70,-70,-23.262,-79.986
-70,-70,-23.266,-79.986
-70,-70,-23.27,-79.987
-70,-70,-23.274,-79.987
-70,-70,-23.278,-79.988
-70,-70,-23.282,-79.988
-70,-70,-23.285,-79.988
-70,-70,-23.288,-79.989
-70,-70,-23.291,-79.989
-70,-70,-23.294,-79.99
-70,-70,-23.296,-79.99
-70,-70,-23.299,-79.99
-70,-70,-23.301,-79.991
-70,-70,-23.303,-79.991
-70,-70,-23.305,-79.991
-70,-70,-23.307,-79.992
-70,-70,-23.309,-79.992
-70,-70,-23.311,-79.992
-70,-70,-23.312,-79.992
-70,-70,-23.314,-79.993
-70,-70,-23.315,-79.993
-70,-70,-23.316,-79.993
-70,-70,-23.318,-79.993
-70,-70,-23.319,-79.994
-70,-70,-23.32,-79.994
-70,-70,-23.321,-79.994
-70,-70,-23.322,-79.994
-70,-70,-23.323,-79.994
-70,-70,-23.324,-79.995
-70,-70,-23.325,-79.995
-70,-70,-23.325,-79.995
-70,-70,-23.326,-79.995
-70,-70,-23.327,-79.995
-70,-70,-23.327,-79.995
-70,-70,-23.328,-79.995
-70,-70,-23.328,-79.996
-70,-70,-23.329,-79.996
-70,-70,-23.329,-79.996
-70,-70,-23.33,-79.996
-70,-70,-23.33,-79.996
-70,-70,-23.331,-79.996
-70,-70,-23.331,-79.996
-70,-70,-23.331,-79.996
-70,-70,-23.332,-79.997
-70,-70,-23.332,-79.997
-70,-70,-23.332,-79.997
-70,-70,-23.333,-79.997
-70,-70,-23.333,-79.997
-70,-70,-23.333,-79.997
-70,-70,-23.333,-79.997
-70,-70,-23.334,-79.997
-70,-70,-23.334,-79.997
-70,-70,-23.334,-79.997
-70,-70,-23.334,-79.997
-70,-70,-23.334,-79.997
-70,-70,-23.335,-79.997
-70,-70,-23.335,-79.997
-70,-70,-23.335,-79.997
-70,-70,-23.335,-79.998
-70,-70,-23.335,-79.998
-70,-70,-23.335,-79.998
-70,-70,-23.335,-79.998
-70,-70,-23.335,-79.998
-70,-70,-23.336,-79.998
-70,-70,-23.336,-79.998
-70,-70,-23.336,-79.998
-70,-70,-23.336,-79.998
-70,-70,-23.336,-79.998
-70,-70,-23.336,-79.998
-70,-70,-23.336,-79.998
-70,-70,-23.336,-79.998
-70,-70,-23.336,-79.998
-70,-70,-23.336,-79.998
-70,-70,-23.336,-79.998
-70,-70,-23.336,-79.998
-70,-70,-23.336,-79.998
-70,-70,-23.336,-79.998
-70,-70,-23.336,-79.998
-70,-70,-23.336,-79.998
-70,-70,-23.337,-79.998
-70,-70,-23.337,-79.998
-70,-70,-23.337,-79.998
-70,-70,-23.337,-79.998
-70,-70,-23.337,-79.998
-70,-70,-23.337,-79.998
-70,-70,-23.337,-79.998
-70,-70,-23.337,-79.998
-70,-70,-23.337,-79.998
-70,-70,-23.337,-79.998
-70,-70,-23.337,-79.998
-70,-70,-23.337,-79.998
-70,-70,-23.337,-79.998
-70,-70,-23.337,-79.998
-70,-70,-23.337,-79.998
-70,-70,-23.337,-79.998
-70,-70,-23.337,-79.999
-70,-70,-23.337,-79.999
-70,-70,-23.337,-79.999
-70,-70,-23.337,-79.999
-70,-70,-23.337,-79.999
-70,-70,-23.337,-79.999
-70,-70,-23.337,-79.999
-70,-70,-23.337,-79.999
-70,-70,-23.337,-79.999
-70,-70,-23.337,-79.999
-70,-70,-23.337,-79.999
-70,-70,-23.337,-79.999
-70,-70,-23.337,-79.999
-70,-70,-23.337,-79.999
-70,-70,-23.337,-79.999
-70,-70,-23.337,-79.999
-70,-70,-23.337,-79.999
-70,-70,-23.337,-79.999
-70,-70,-23.337,-79.999
-70,-70,-23.337,-79.999
-70,-70,-23.337,-79.999
-70,-70,-23.337,-79.999
-70,-70,-23.337,-79.999
-70,-70,-23.337,-79.999
-70,-70,-23.337,-79.999
-70,-70,-23.337,-79.999
-70,-70,-23.337,-79.999
-70,-70,-23.337,-79.999
-70,-70,-23.337,-79.999
-70,-70,-23.337,-79.999
-70,-70,-23.337,-79.999
-70,-70,-23.337,-79.999
-70,-70,-23.337,-79.999
-70,-70,-23.337,-79.999
-70,-70,-23.337,-79.999
-70,-70,-23.337,-79.999
-70,-70,-23.337,-79.999
-70,-70,-23.337,-79.999
-70,-70,-23.337,-79.999
-70,-70,-23.337,-79.999
-70,-70,-23.337,-79.999
-70,-70,-23.337,-79.999
-70,-70,-23.337,-79.999
-70,-70,-23.337,-79.999
-70,-70,-23.337,-79.999
-70,-70,-23.337,-79.999
-70,-70,-23.337,-79.999
-70,-70,-23.337,-79.999
-70,-70,-23.337,-79.999
-70,-70,-23.337,-79.999
-70,-70,-23.337,-79.999
-70,-70,-23.337,-79.999
-70,-70,-23.337,-79.999
-70,-70,-23.337,-79.999
-70,-70,-23.337,-79.999
-70,-70,-23.337,-79.999
-70,-70,-23.337,-79.999
-70,-70,-23.337,-79.999
-70,-70,-23.337,-79.999
-70,-70,-23.337,-79.999
-70,-70,-23.337,-79.999
-70,-70,-23.337,-79.999
-70,-70,-23.337,-79.999
-70,-70,-23.337,-79.999
-70,-70,-23.337,-79.999
-70,-70,-23.337,-79.999
-70,-70,-23.337,-79.999
-70,-70,-23.337,-79.999
-70,-70,-23.337,-79.999
-70,-70,-23.337,-79.999
-70,-70,-23.337,-79.999
-70,-70,-23.337,-79.999
-70,-70,-23.337,-79.999
-70,-70,-23.337,-79.999
-70,-70,-23.337,-79.999
-70,-70,-23.337,-79.999
-70,-70,-23.337,-79.999
-70,-70,-23.337,-79.999
-70,-70,-23.337,-79.999
-70,-70,-23.337,-79.999
-70,-70,-23.337,-79.999
-70,-70,-23.337,-79.999
-70,-70,-23.337,-79.999
-70,-70,-23.337,-79.999
-70,-70,-23.337,-79.999
-70,-70,-23.337,-79.999
-70,-70,-23.337,-79.999
-70,-70,-23.337,-79.999
-70,-70,-23.337,-79.999
-70,-70,-23.337,-79.999
-70,-70,-23.337,-79.999
-70,-70,-23.337,-79.999
-70,-70,-23.337,-79.999
-70,-70,-23.337,-79.999
-70,-70,-23.337,-79.999
-70,-70,-23.337,-79.999
-70,-70,-23.337,-79.999
-70,-70,-23.337,-79.999
-70,-70,-23.337,-79.999
-70,-70,-23.337,-79.999
-70,-70,-23.337,-79.999
-70,-70,-23.337,-79.999
-70,-70,-23.337,-79.999
-70,-70,-23.337,-79.999
-70,-70,-23.337,-79.999
-70,-70,-23.337,-79.999
-70,-70,-23.337,-79.999
-70,-70,-23.337,-79.999
-70,-70,-23.337,-79.999
-70,-70,-23.337,-79.999
-70,-70,-23.337,-79.999
-70,-70,-23.337,-79.999
-70,-70,-23.337,-79.999
-70,-70,-23.337,-79.999
-70,-70,-23.337,-79.999
-70,-70,-23.337,-79.999
-70,-70,-23.337,-79.999
-70,-70,-23.337,-79.999
-70,-70,-23.337,-79.999
-70,-70,-23.337,-79.999
-70,-70,-23.337,-79.999
-70,-70,-23.337,-79.999
-70,-70,-23.337,-79.999
-70,-70,-23.337,-79.999
-70,-70,-23.337,-79.999
-70,-70,-23.337,-79.999
-70,-70,-23.337,-79.999
-70,-70,-23.337,-79.999
-70,-70,-23.337,-79.999
-70,-70,-23.337,-79.999
-70,-70,-23.337,-79.999
-70,-70,-23.337,-79.999
-70,-70,-23.337,-79.999
-70,-70,-23.337,-79.999
-70,-70,-23.337,-79.999
-70,-70,-23.337,-79.999
-70,-70,-23.337,-79.999
-70,-70,-23.337,-79.999
-70,-70,-23.337,-79.999
-70,-70,-23.337,-79.999
-70,-70,-23.337,-79.999
-70,-70,-23.337,-79.999
-70,-70,-23.337,-79.999
-70,-70,-23.337,-79.999
-70,-70,-23.337,-79.999
-70,-70,-23.337,-79.999
-70,-70,-23.337,-79.999
-70,-70,-23.337,-79.999
-70,-70,-23.337,-79.999
-70,-70,-23.337,-79.999
-70,-70,-23.337,-79.999
-70,-70,-23.337,-79.999
-70,-70,-23.337,-79.999
-70,-70,-23.337,-79.999
-70,-70,-23.337,-79.999
-70,-70,-23.337,-79.999
-70,-70,-23.337,-79.999
-70,-70,-23.337,-79.999
-70,-70,-23.337,-79.999
-70,-70,-23.337,-79.999
-70,-70,-23.337,-79.999
-70,-70,-23.337,-79.999
-70,-70,-23.337,-79.999
-70,-70,-23.337,-79.999
-70,-70,-23.337,-79.999
-70,-70,-23.337,-79.999
-70,-70,-23.337,-79.999
-70,-70,-23.337,-79.999
-70,-70,-23.337,-79.999
-70,-70,-23.337,-79.999
-70,-70,-23.337,-79.999
-70,-70,-23.337,-79.999
-70,-70,-23.337,-79.999
-70,-70,-23.337,-79.999
-70,-70,-23.337,-79.999
-70,-70,-23.337,-79.999
-70,-70,-23.337,-79.999
-70,-70,-23.337,-79.999
-70,-70,-23.337,-79.999
-70,-70,-23.337,-79.999
-70,-70,-23.337,-79.999
-70,-70,-23.337,-79.999
-70,-70,-23.337,-79.999
-70,-70,-23.337,-79.999
-70,-70,-23.337,-79.999
-70,-70,-23.337,-79.999
-70,-70,-23.337,-79.999
-70,-70,-23.337,-79.999
-70,-70,-23.337,-79.999
-70,-70,-23.337,-79.999
-70,-70,-23.337,-79.999
-70,-70,-23.337,-79.999
-70,-70,-23.337,-79.999
-70,-70,-23.337,-79.999
-70,-70,-23.337,-79.999
-70,-70,-23.337,-79.999
-70,-70,-23.337,-79.999
-70,-70,-23.337,-79.999
-70,-70,-23.337,-79.999
-70,-70,-23.337,-79.999
-70,-70,-23.337,-79.999
-70,-70,-23.337,-79.999
-70,-70,-23.337,-79.999
-70,-70,-23.337,-79.999
-70,-70,-23.337,-79.999
-70,-70,-23.337,-79.999
-70,-70,-23.337,-79.999
-70,-70,-23.337,-79.999
-70,-70,-23.337,-79.999
-70,-70,-23.337,-79.999
-70,-70,-23.337,-79.999
-70,-70,-23.337,-79.999
-70,-70,-23.337,-79.999
-70,-70,-23.337,-79.999
-70,-70,-23.337,-79.999
-70,-70,-23.337,-79.999
-70,-70,-23.337,-79.999
-70,-70,-23.337,-79.999
-70,-70,-23.337,-79.999
-70,-70,-23.337,-79.999
-70,-70,-23.337,-79.999
-70,-70,-23.337,-79.999
-70,-70,-23.337,-79.999
-70,-70,-23.337,-79.999
-70,-70,-23.337,-79.999
-70,-70,-23.337,-79.999
-70,-70,-23.337,-79.999
-70,-70,-23.337,-79.999
-70,-70,-23.337,-79.999
-70,-70,-23.337,-79.999
-70,-70,-23.337,-79.999
-70,-70,-23.337,-79.999
-70,-70,-23.337,-79.999
-70,-70,-23.337,-79.999
-70,-70,-23.337,-79.999
-70,-70,-23.337,-79.999
-70,-70,-23.337,-79.999
-70,-70,-23.337,-79.999
-70,-70,-23.337,-79.999
-70,-70,-23.337,-79.999
-70,-70,-23.337,-79.999
-70,-70,-23.337,-79.999
-70,-70,-23.337,-79.999
-70,-70,-23.337,-79.999
-70,-70,-23.337,-79.999
-70,-70,-23.337,-79.999
-70,-70,-23.337,-79.999
-70,-70,-23.337,-79.999
-70,-70,-23.337,-79.999
-70,-70,-23.337,-79.999
-70,-70,-23.337,-79.999
-70,-70,-23.337,-79.999
-70,-70,-23.337,-79.999
-70,-70,-23.337,-79.999
-70,-70,-23.337,-79.999
-70,-70,-23.337,-79.999
-70,-70,-23.337,-79.999
-70,-70,-23.337,-79.999
-70,-70,-23.337,-79.999
-70,-70,-23.337,-79.999
-70,-70,-23.337,-79.999
-70,-70,-23.337,-79.999
-70,-70,-23.337,-79.999
-70,-70,-23.337,-79.999
-70,-70,-23.337,-79.999
-70,-70,-23.337,-79.999
-70,-70,-23.337,-79.999
-70,-70,-23.337,-79.999
-70,-70,-23.337,-79.999
-70,-70,-23.337,-79.999
-70,-70,-23.337,-79.999
-70,-70,-23.337,-79.999
-70,-70,-23.337,-79.999
-70,-70,-23.337,-79.999
-70,-70,-23.337,-79.999
-70,-70,-23.337,-79.999
-70,-70,-23.337,-79.999
-70,-70,-23.337,-79.999
-70,-70,-23.337,-79.999
-70,-70,-23.337,-79.999
-70,-70,-23.337,-79.999
-70,-70,-23.337,-79.999
-70,-70,-23.337,-79.999
-70,-70,-23.337,-79.999
-70,-70,-23.337,-79.999
-70,-70,-23.337,-79.999
-70,-70,-23.337,-79.999
-70,-70,-23.337,-79.999
-70,-70,-23.337,-79.999
-70,-70,-23.337,-79.999
-70,-70,-23.337,-79.999
-70,-70,-23.337,-79.999
-70,-70,-23.337,-79.999
-70,-70,-23.337,-79.999
-70,-70,-23.337,-79.999
-70,-70,-23.337,-79.999
-70,-70,-23.337,-79.999
-70,-70,-23.337,-79.999
-70,-70,-23.337,-79.999
-70,-70,-23.337,-79.999
-70,-70,-23.337,-79.999
-70,-70,-23.337,-79.999
-70,-70,-23.337,-79.999
-70,-70,-23.337,-79.999
-70,-70,-23.337,-79.999
-70,-70,-23.337,-79.999
-70,-70,-23.337,-79.999
-70,-70,-23.337,-79.999
-70,-70,-23.337,-79.999
-70,-70,-23.337,-79.999
-70,-70,-23.337,-79.999
-70,-70,-23.337,-79.999
-70,-70,-23.337,-79.999
-70,-70,-23.337,-79.999
-70,-70,-23.337,-79.999
-70,-70,-23.337,-79.999
-70,-70,-23.337,-79.999
-70,-70,-23.337,-79.999
-70,-70,-23.337,-79.999
-70,-70,-23.337,-79.999
-70,-70,-23.337,-79.999
-70,-70,-23.337,-79.999
-70,-70,-23.337,-79.999
-70,-70,-23.337,-79.999
-70,-70,-23.337,-79.999
-70,-70,-23.337,-79.999
-70,-70,-23.337,-79.999
-70,-70,-23.337,-79.999
-70,-70,-23.337,-79.999
-70,-70,-23.337,-79.999
-70,-70,-23.337,-79.999
-70,-70,-23.337,-79.999
-70,-70,-23.337,-79.999
-70,-70,-23.337,-79.999
-70,-70,-23.337,-79.999
-70,-70,-23.337,-79.999
-70,-70,-23.337,-79.999
-70,-70,-23.337,-79.999
-70,-70,-23.337,-79.999
-70,-70,-23.337,-79.999
-70,-70,-23.337,-79.999
-70,-70,-23.337,-79.999
-70,-70,-23.337,-79.999
-70,-70,-23.337,-79.999
-70,-70,-23.337,-79.999
-70,-70,-23.337,-79.999
-70,-70,-23.337,-79.999
-70,-70,-23.337,-79.999
-70,-70,-23.337,-79.999
-70,-70,-23.337,-79.999
-70,-70,-23.337,-79.999
-70,-70,-23.337,-79.999
-70,-70,-23.337,-79.999
-70,-70,-23.337,-79.999
-70,-70,-23.337,-79.999
-70,-70,-23.337,-79.999
-70,-70,-23.337,-79.999
-70,-70,-23.337,-79.999
-70,-70,-23.337,-79.999
-70,-70,-23.337,-79.999
-70,-70,-23.337,-79.999
-70,-70,-23.337,-79.999
-70,-70,-23.337,-79.999
-70,-70,-23.337,-79.999
-70,-70,-23.337,-79.999
-70,-70,-23.337,-79.999
-70,-70,-23.337,-79.999
-70,-70,-23.337,-79.999
-70,-70,-23.337,-79.999
-70,-70,-23.337,-79.999
-70,-70,-23.337,-79.999
-70,-70,-23.337,-79.999
-70,-70,-23.337,-79.999
-70,-70,-23.337,-79.999
-70,-70,-23.337,-79.999
-70,-70,-23.337,-79.999
-70,-70,-23.337,-79.999
-70,-70,-23.337,-79.999
-70,-70,-23.337,-79.999
-70,-70,-23.337,-79.999
-70,-70,-23.337,-79.999
-70,-70,-23.337,-79.999
-70,-70,-23.337,-79.999
-70,-70,-23.337,-79.999
-70,-70,-23.337,-79.999
-70,-70,-23.337,-79.999
-70,-70,-23.337,-79.999
-70,-70,-23.337,-79.999
-70,-70,-23.337,-79.999
-70,-70,-23.337,-79.999
-70,-70,-23.337,-79.999
-70,-70,-23.337,-79.999
-70,-70,-23.337,-79.999
-70,-70,-23.337,-79.999
-70,-70,-23.337,-79.999
-70,-70,-23.337,-79.999
-70,-70,-23.337,-79.999
-70,-70,-23.337,-79.999
-70,-70,-23.337,-79.999
-70,-70,-23.337,-79.999
-70,-70,-23.337,-79.999
-70,-70,-23.337,-79.999
-70,-70,-23.337,-79.999
-70,-70,-23.337,-79.999
-70,-70,-23.337,-79.999
-70,-70,-23.337,-79.999
-70,-70,-23.337,-79.999
-70,-70,-23.337,-79.999
-70,-70,-23.337,-79.999
-70,-70,-23.337,-79.999
-70,-70,-23.337,-79.999
-70,-70,-23.337,-79.999
-70,-70,-23.337,-79.999
-70,-70,-23.337,-79.999
-70,-70,-23.337,-79.999
-70,-70,-23.337,-79.999
-70,-70,-23.337,-79.999
-70,-70,-23.337,-79.999
-70,-70,-23.337,-79.999
-70,-70,-23.337,-79.999
-70,-70,-23.337,-79.999
-70,-70,-23.337,-79.999
-70,-70,-23.337,-79.999
-70,-70,-23.337,-79.999
-70,-70,-23.337,-79.999
-70,-70,-23.337,-79.999
-70,-70,-23.337,-79.999
-70,-70,-23.337,-79.999
-70,-70,-23.337,-79.999
-70,-70,-23.337,-79.999
-70,-70,-23.337,-79.999
-70,-70,-23.337,-79.999
-70,-70,-23.337,-79.999
-70,-70,-23.337,-79.999
-70,-70,-23.337,-79.999
-70,-70,-23.337,-79.999
-70,-70,-23.337,-79.999
-70,-70,-23.337,-79.999
-70,-70,-23.337,-79.999
-70,-70,-23.337,-79.999
-70,-70,-23.337,-79.999
-70,-70,-23.337,-79.999
-70,-70,-23.337,-79.999
-70,-70,-23.337,-79.999
-70,-70,-23.337,-79.999
-70,-70,-23.337,-79.999
-70,-70,-23.337,-79.999
-70,-70,-23.337,-79.999
-70,-70,-23.337,-79.999
-70,-70,-23.337,-79.999
-70,-70,-23.337,-79.999
-70,-70,-23.337,-79.999
-70,-70,-23.337,-79.999
-70,-70,-23.337,-79.999
-70,-70,-23.337,-79.999
-70,-70,-23.337,-79.999
-70,-70,-23.337,-79.999
-70,-70,-23.337,-79.999
-70,-70,-23.337,-79.999
-70,-70,-23.337,-79.999
-70,-70,-23.337,-79.999
-70,-70,-23.337,-79.999
-70,-70,-23.337,-79.999
-70,-70,-23.337,-79.999
-70,-70,-23.337,-79.999
-70,-70,-23.337,-79.999
-70,-70,-23.337,-79.999
-70,-70,-23.337,-79.999
-70,-70,-23.337,-79.999
-70,-70,-23.337,-79.999
-70,-70,-23.337,-79.999
-70,-70,-23.337,-79.999
-70,-70,-23.337,-79.999
-70,-70,-23.337,-79.999
-70,-70,-23.337,-79.999
-70,-70,-23.337,-79.999
-70,-70,-23.337,-79.999
-70,-70,-23.337,-79.999
-70,-70,-23.337,-79.999
-70,-70,-23.337,-79.999
-70,-70,-23.337,-79.999
-70,-70,-23.337,-79.999
-70,-70,-23.337,-79.999
-70,-70,-23.337,-79.999
-70,-70,-23.337,-79.999
-70,-70,-23.337,-79.999
-70,-70,-23.337,-79.999
-70,-70,-23.337,-79.999
-70,-70,-23.337,-79.999
-70,-70,-23.337,-79.999
-70,-70,-23.337,-79.999
-70,-70,-23.337,-79.999
-70,-70,-23.337,-79.999
-70,-70,-23.337,-79.999
-70,-70,-23.337,-79.999
-70,-70,-23.337,-79.999
-70,-70,-23.337,-79.999
-70,-70,-23.337,-79.999
-70,-70,-23.337,-79.999
-70,-70,-23.337,-79.999
-70,-70,-23.337,-79.999
-70,-70,-23.337,-79.999
-70,-70,-23.337,-79.999
-70,-70,-23.337,-79.999
-70,-70,-23.337,-79.999
-70,-70,-23.337,-79.999
-70,-70,-23.337,-79.999
-70,-70,-23.337,-79.999
-70,-70,-23.337,-79.999
-70,-70,-23.337,-79.999
-70,-70,-23.337,-79.999
-70,-70,-23.337,-79.999
-70,-70,-23.337,-79.999
-70,-70,-23.337,-79.999
-70,-70,-23.337,-79.999
-70,-70,-23.337,-79.999
-70,-70,-23.337,-79.999
-70,-70,-23.337,-79.999
-70,-70,-23.337,-79.999
-70,-70,-23.337,-79.999
-70,-70,-23.337,-79.999
-70,-70,-23.337,-79.999
-70,-70,-23.337,-79.999
-70,-70,-23.337,-79.999
-70,-70,-23.337,-79.999
-70,-70,-23.337,-79.999
-70,-70,-23.337,-79.999
-70,-70,-23.337,-79.999
-70,-70,-23.337,-79.999
-70,-70,-23.337,-79.999
-70,-70,-23.337,-79.999
-70,-70,-23.337,-79.999
-70,-70,-23.337,-79.999
-70,-70,-23.337,-79.999
-70,-70,-23.337,-79.999
-70,-70,-23.337,-79.999
-70,-70,-23.337,-79.999
-70,-70,-23.337,-79.999
-70,-70,-23.337,-79.999
-70,-70,-23.337,-79.999
-70,-70,-23.337,-79.999
-70,-70,-23.337,-79.999
-70,-70,-23.337,-79.999
-70,-70,-23.337,-79.999
-70,-70,-23.337,-79.999
-70,-70,-23.337,-79.999
-70,-70,-23.337,-79.999
-70,-70,-23.337,-79.999
-70,-70,-23.337,-79.999
-70,-70,-23.337,-79.999
-70,-70,-23.337,-79.999
-70,-70,-23.337,-79.999
-70,-70,-23.337,-79.999
-70,-70,-23.337,-79.999
-70,-70,-23.337,-79.999
-70,-70,-23.337,-79.999
-70,-70,-23.337,-79.999
-70,-70,-23.337,-79.999
-70,-70,-23.337,-79.999
-70,-70,-23.337,-79.999
-70,-70,-23.337,-79.999
-70,-70,-23.337,-79.999
-70,-70,-23.337,-79.999
-70,-70,-23.337,-79.999
-70,-70,-23.337,-79.999
-70,-70,-23.337,-79.999
-70,-70,-23.337,-79.999
-70,-70,-23.337,-79.999
-70,-70,-23.337,-79.999
-70,-70,-23.337,-79.999
-70,-70,-23.337,-79.999
-70,-70,-23.337,-79.999
-70,-70,-23.337,-79.999
-70,-70,-23.337,-79.999
-70,-70,-23.337,-79.999
-70,-70,-23.337,-79.999
-70,-70,-23.337,-79.999
-70,-70,-23.337,-79.999
-70,-70,-23.337,-79.999
-70,-70,-23.337,-79.999
-70,-70,-23.337,-79.999
-70,-70,-23.337,-79.999
-70,-70,-23.337,-79.999
-70,-70,-23.337,-79.999
-70,-70,-23.337,-79.999
-70,-70,-23.337,-79.999
-70,-70,-23.337,-79.999
-70,-70,-23.337,-79.999
-70,-70,-23.337,-79.999
-70,-70,-23.337,-79.999
-70,-70,-23.337,-79.999
-70,-70,-23.337,-79.999
-70,-70,-23.337,-79.999
-70,-70,-23.337,-79.999
-70,-70,-23.337,-79.999
-70,-70,-23.337,-79.999
-70,-70,-23.337,-79.999
-70,-70,-23.337,-79.999
-70,-70,-23.337,-79.999
-70,-70,-23.337,-79.999
-70,-70,-23.337,-79.999
-70,-70,-23.337,-79.999
-70,-70,-23.337,-79.999
-70,-70,-23.337,-79.999
-70,-70,-23.337,-79.999
-70,-70,-23.337,-79.999
-70,-70,-23.337,-79.999
-70,-70,-23.337,-79.999
-70,-70,-23.337,-79.999
-70,-70,-23.337,-79.999
-70,-70,-23.337,-79.999
-70,-70,-23.337,-79.999
-70,-70,-23.337,-79.999
-70,-70,-23.337,-79.999
-70,-70,-23.337,-79.999
-70,-70,-23.337,-79.999
-70,-70,-23.337,-79.999
-70,-70,-23.337,-79.999
-70,-70,-23.337,-79.999
-70,-70,-23.337,-79.999
-70,-70,-23.337,-79.999
-70,-70,-23.337,-79.999
-70,-70,-23.337,-79.999
-70,-70,-23.337,-79.999
-70,-70,-23.337,-79.999
-70,-70,-23.337,-79.999
-70,-70,-23.337,-79.999
-70,-70,-23.337,-79.999
-70,-70,-23.337,-79.999
-70,-70,-23.337,-79.999
-70,-70,-23.337,-79.999
-70,-70,-23.337,-79.999
-70,-70,-23.337,-79.999
-70,-70,-23.337,-79.999
-70,-70,-23.337,-79.999
-70,-70,-23.337,-79.999
-70,-70,-23.337,-79.999
-70,-70,-23.337,-79.999
-70,-70,-23.337,-79.999
-70,-70,-23.337,-79.999
-70,-70,-23.337,-79.999
-70,-70,-23.337,-79.999
-70,-70,-23.337,-79.999
-70,-70,-23.337,-79.999
-70,-70,-23.337,-79.999
-70,-70,-23.337,-79.999
-70,-70,-23.337,-79.999
-70,-70,-23.337,-79.999
-70,-70,-23.337,-79.999
-70,-70,-23.337,-79.999
-70,-70,-23.337,-79.999
-70,-70,-23.337,-79.999
-70,-70,-23.337,-79.999
-70,-70,-23.337,-79.999
-70,-70,-23.337,-79.999
-70,-70,-23.337,-79.999
-70,-70,-23.337,-79.999
-70,-70,-23.337,-79.999
-70,-70,-23.337,-79.999
-70,-70,-23.337,-79.999
-70,-70,-23.337,-79.999
-70,-70,-23.337,-79.999
-70,-70,-23.337,-79.999
-70,-70,-23.337,-79.999
-70,-70,-23.337,-79.999
-70,-70,-23.337,-79.999
-70,-70,-23.337,-79.999
-70,-70,-23.337,-79.999
-70,-70,-23.337,-79.999
-70,-70,-23.337,-79.999
-70,-70,-23.337,-79.999
-70,-70,-23.337,-79.999
-70,-70,-23.337,-79.999
-70,-70,-23.337,-79.999
-70,-70,-23.337,-79.999
-70,-70,-23.337,-79.999
-70,-70,-23.337,-79.999
-70,-70,-23.337,-79.999
-70,-70,-23.337,-79.999
-70,-70,-23.337,-79.999
-70,-70,-23.337,-79.999
-70,-70,-23.337,-79.999
-70,-70,-23.337,-79.999
-70,-70,-23.337,-79.999
-70,-70,-23.337,-79.999
-70,-70,-23.337,-79.999
-70,-70,-23.337,-79.999
-70,-70,-23.337,-79.999
-70,-70,-23.337,-79.999
-70,-70,-23.337,-79.999
-70,-70,-23.337,-79.999
-70,-70,-23.337,-79.999
-70,-70,-23.337,-79.999
-70,-70,-23.337,-79.999
-70,-70,-23.337,-79.999
-70,-70,-23.337,-79.999
-70,-70,-23.337,-79.999
-70,-70,-23.337,-79.999
-70,-70,-23.337,-79.999
-70,-70,-23.337,-79.999
-70,-70,-23.337,-79.999
-70,-70,-23.337,-79.999
-70,-70,-23.337,-79.999
-70,-70,-23.337,-79.999
-70,-70,-23.337,-79.999
-70,-70,-23.337,-79.999
-70,-70,-23.337,-79.999
-70,-70,-23.337,-79.999
-70,-70,-23.337,-79.999
-70,-70,-23.337,-79.999
-70,-70,-23.337,-79.999
-70,-70,-23.337,-79.999
-70,-70,-23.337,-79.999
-70,-70,-23.337,-79.999
-70,-70,-23.337,-79.999
-70,-70,-23.337,-79.999
-70,-70,-23.337,-79.999
-70,-70,-23.337,-79.999
-70,-70,-23.337,-79.999
-70,-70,-23.337,-79.999
-70,-70,-23.337,-79.999
-70,-70,-23.337,-79.999
-70,-70,-23.337,-79.999
-70,-70,-23.337,-79.999
-70,-70,-23.337,-79.999
-70,-70,-23.337,-79.999
-70,-70,-23.337,-79.999
-70,-70,-23.337,-79.999
-70,-70,-23.337,-79.999
-70,-70,-23.337,-79.999
-70,-70,-23.337,-79.999
-70,-70,-23.337,-79.999
-70,-70,-23.337,-79.999
-70,-70,-23.337,-79.999
-70,-70,-23.337,-79.999
-70,-70,-23.337,-79.999
-70,-70,-23.337,-79.999
-70,-70,-23.337,-79.999
-70,-70,-23.337,-79.999
-70,-70,-23.337,-79.999
-70,-70,-23.337,-79.999
-70,-70,-23.337,-79.999
-70,-70,-23.337,-79.999
-70,-70,-23.337,-79.999
-70,-70,-23.337,-79.999
-70,-70,-23.337,-79.999
-70,-70,-23.337,-79.999
-70,-70,-23.337,-79.999
-70,-70,-23.337,-79.999
-70,-70,-23.337,-79.999
-70,-70,-23.337,-79.999
-70,-70,-23.337,-79.999
-70,-70,-23.337,-79.999
-70,-70,-23.337,-79.999
-70,-70,-23.337,-79.999
-70,-70,-23.337,-79.999
-70,-70,-23.337,-79.999
-70,-70,-23.337,-79.999
-70,-70,-23.337,-79.999
-70,-70,-23.337,-79.999
-70,-70,-23.337,-79.999
-70,-70,-23.337,-79.999
-70,-70,-23.337,-79.999
-70,-70,-23.337,-79.999
-70,-70,-23.337,-79.999
-70,-70,-23.337,-79.999
-70,-70,-23.337,-79.999
-70,-70,-23.337,-79.999
-70,-70,-23.337,-79.999
-70,-70,-23.337,-79.999
-70,-70,-23.337,-79.999
-70,-70,-23.337,-79.999
-70,-70,-23.337,-79.999
-70,-70,-23.337,-79.999
-70,-70,-23.337,-79.999
-70,-70,-23.337,-79.999
-70,-70,-23.337,-79.999
-70,-70,-23.337,-79.999
-70,-70,-23.337,-79.999
-70,-70,-23.337,-79.999
-70,-70,-23.337,-79.999
-70,-70,-23.337,-79.999
-70,-70,-23.337,-79.999
-70,-70,-23.337,-79.999
-70,-70,-23.337,-79.999
-70,-70,-23.337,-79.999
-70,-70,-23.337,-79.999
-70,-70,-23.337,-79.999
-70,-70,-23.337,-79.999
-70,-70,-23.337,-79.999
-70,-70,-23.337,-79.999
-70,-70,-23.337,-79.999
-70,-70,-23.337,-79.999
-70,-70,-23.337,-79.999
-70,-70,-23.337,-79.999
-70,-70,-23.337,-79.999
-70,-70,-23.337,-79.999
-70,-70,-23.337,-79.999
-70,-70,-23.337,-79.999
-70,-70,-23.337,-79.999
-70,-70,-23.337,-79.999
-70,-70,-23.337,-79.999
-70,-70,-23.337,-79.999
-70,-70,-23.337,-79.999
-70,-70,-23.337,-79.999
-70,-70,-23.337,-79.999
-70,-70,-23.337,-79.999
-70,-70,-23.337,-79.999
-70,-70,-23.337,-79.999
-70,-70,-23.337,-79.999
-70,-70,-23.337,-79.999
-70,-70,-23.337,-79.999
-70,-70,-23.337,-79.999
-70,-70,-23.337,-79.999
-70,-70,-23.337,-79.999
-70,-70,-23.337,-79.999
-70,-70,-23.337,-79.999
-70,-70,-23.337,-79.999
-70,-70,-23.337,-79.999
-70,-70,-23.337,-79.999
-70,-70,-23.337,-79.999
-70,-70,-23.337,-79.999
-70,-70,-23.337,-79.999
-70,-70,-23.337,-79.999
-70,-70,-23.337,-79.999
-70,-70,-23.337,-79.999
-70,-70,-23.337,-79.999
-70,-10,-23.337,-79.999
-70,-70,-23.337,-76.799
-70,-70,-23.337,-73.855
-70,-70,-23.337,-71.146
-70,-70,-23.337,-68.655
-70,-70,-23.337,-66.362
-70,-70,-23.337,-64.253
-70,-70,-23.337,-62.313
-70,-70,-23.337,-60.527
-70,-70,-23.337,-58.885
-70,-70,-23.337,-57.374
-70,-70,-23.337,-55.983
-70,-70,-23.338,-54.704
-70,-70,-23.339,-53.526
-70,-70,-23.34,-52.441
-70,-70,-23.343,-51.442
-70,-70,-23.347,-50.519
-70,-70,-23.353,-49.667
-70,-70,-23.363,-48.878
-70,-70,-23.377,-48.145
-70,-70,-23.397,-47.461
-70,-70,-23.424,-46.819
-70,-70,-23.462,-46.213
-70,-70,-23.511,-45.637
-70,-70,-23.576,-45.083
-70,-70,-23.658,-44.544
-70,-70,-23.763,-44.014
-70,-70,-23.894,-43.484
-70,-70,-24.058,-42.946
-70,-70,-24.261,-42.389
-70,-70,-24.511,-41.804
-70,-70,-24.819,-41.176
-70,-70,-25.196,-40.494
-70,-70,-25.653,-39.743
-70,-70,-26.199,-38.917
-70,-70,-26.835,-38.019
-70,-70,-27.548,-37.067
-70,-70,-28.312,-36.095
-70,-70,-29.097,-35.14
-70,-70,-29.876,-34.232
-70,-70,-30.629,-33.39
-70,-70,-31.348,-32.62
-70,-70,-32.028,-31.922
-70,-70,-32.669,-31.292
-70,-70,-33.274,-30.724
-70,-70,-33.845,-30.209
-70,-70,-34.389,-29.74
-70,-70,-34.91,-29.31
-70,-70,-35.413,-28.91
-70,-70,-35.906,-28.533
-70,-70,-36.394,-28.172
-70,-70,-36.886,-27.82
-70,-70,-37.389,-27.467
-70,-70,-37.915,-27.107
-70,-70,-38.476,-26.728
-70,-70,-39.086,-26.319
-70,-70,-39.764,-25.868
-70,-70,-40.531,-25.361
-70,-70,-41.405,-24.787
-70,-70,-42.4,-24.141
-70,-70,-43.511,-23.432
-70,-70,-44.714,-22.685
-70,-70,-45.97,-21.933
-70,-70,-47.243,-21.206
-70,-70,-48.504,-20.521
-70,-70,-49.736,-19.888
-70,-70,-50.932,-19.31
-70,-70,-52.086,-18.785
-70,-70,-53.198,-18.31
-70,-70,-54.267,-17.881
-70,-70,-55.294,-17.494
-70,-70,-56.281,-17.145
-70,-70,-57.23,-16.831
-70,-70,-58.14,-16.548
-70,-70,-59.014,-16.294
-70,-70,-59.853,-16.065
-70,-70,-60.659,-15.858
-70,-70,-61.433,-15.672
-70,-70,-62.175,-15.505
-70,-70,-62.888,-15.355
-70,-70,-63.573,-15.219
-70,-70,-64.23,-15.097
-70,-70,-64.861,-14.988
-70,-70,-65.466,-14.889
-70,-70,-66.047,-14.8
-70,-70,-66.606,-14.72
-70,-70,-67.141,-14.648
-70,-70,-67.656,-14.583
-70,-70,-68.149,-14.525
-70,-70,-68.623,-14.472
-70,-70,-69.078,-14.425
-70,-70,-69.515,-14.383
-70,-70,-69.935,-14.344
-70,-70,-70.337,-14.31
-70,-70,-70.724,-14.279
-70,-70,-71.095,-14.251
-70,-70,-71.451,-14.226
-70,-70,-71.793,-14.203
-70,-70,-72.121,-14.183
-70,-70,-72.436,-14.165
-70,-70,-72.739,-14.148
-70,-70,-73.029,-14.699
-70,-70,-73.308,-15.217
-70,-70,-73.576,-15.704
-70,-70,-73.833,-16.162
-70,-70,-74.08,-16.592
-70,-70,-74.316,-16.997
-70,-70,-74.544,-17.377
-70,-70,-74.762,-17.734
-70,-70,-74.971,-18.07
-70,-70,-75.173,-18.386
-70,-70,-75.366,-18.683
-70,-70,-75.551,-18.962
-70,-70,-75.729,-19.224
-70,-70,-75.9,-19.471
-70,-70,-76.064,-19.703
-70,-70,-76.221,-19.921
-70,-70,-76.372,-20.125
-70,-70,-76.518,-20.318
-70,-70,-76.657,-20.499
-70,-70,-76.79,-20.669
-70,-70,-76.919,-20.829
-70,-70,-77.042,-20.979
-70,-70,-77.16,-21.121
-70,-70,-77.274,-21.253
-70,-70,-77.383,-21.378
-70,-70,-77.488,-21.496
-70,-70,-77.588,-21.606
-70,-70,-77.685,-21.71
-70,-70,-77.777,-21.807
-70,-70,-77.866,-21.899
-70,-70,-77.951,-21.985
-70,-70,-78.033,-22.066
-70,-70,-78.112,-22.142
-70,-70,-78.187,-22.214
-70,-70,-78.26,-22.281
-70,-70,-78.329,-22.344
-70,-70,-78.396,-22.404
-70,-70,-78.46,-22.46
-70,-70,-78.522,-22.512
-70,-70,-78.581,-22.562
-70,-70,-78.638,-22.608
-70,-70,-78.692,-22.652
-70,-70,-78.744,-22.693
-70,-70,-78.795,-22.731
-70,-70,-78.843,-22.768
-70,-70,-78.889,-22.802
-70,-70,-78.933,-22.834
-70,-70,-78.976,-22.864
-70,-70,-79.017,-22.892
-70,-70,-79.056,-22.919
-70,-70,-79.094,-22.944
-70,-70,-79.13,-22.968
-70,-70,-79.165,-22.99
-70,-70,-79.198,-23.01
-70,-70,-79.23,-23.03
-70,-70,-79.261,-23.048
-70,-70,-79.291,-23.066
-70,-70,-79.319,-23.082
-70,-70,-79.346,-23.097
-70,-70,-79.372,-23.112
-70,-70,-79.397,-23.125
-70,-70,-79.421,-23.138
-70,-70,-79.444,-23.15
-70,-70,-79.467,-23.161
-70,-70,-79.488,-23.172
-70,-70,-79.508,-23.181
-70,-70,-79.528,-23.191
-70,-70,-79.547,-23.199
-70,-70,-79.565,-23.208
-70,-70,-79.582,-23.215
-70,-70,-79.599,-23.223
-70,-70,-79.615,-23.23
-70,-70,-79.63,-23.236
-70,-70,-79.645,-23.242
-70,-70,-79.659,-23.248
-70,-70,-79.673,-23.253
-70,-70,-79.686,-23.258
-70,-70,-79.698,-23.263
-70,-70,-79.71,-23.267
-70,-70,-79.722,-23.272
-70,-70,-79.733,-23.275
-70,-70,-79.744,-23.279
-70,-70,-79.754,-23.283
-70,-70,-79.764,-23.286
-70,-70,-79.773,-23.289
-70,-70,-79.782,-23.292
-70,-70,-79.791,-23.295
-70,-70,-79.799,-23.297
-70,-70,-79.807,-23.299
-70,-70,-79.815,-23.302
-70,-70,-79.822,-23.304
-70,-70,-79.829,-23.306
-70,-70,-79.836,-23.308
-70,-70,-79.842,-23.309
-70,-70,-79.849,-23.311
-70,-70,-79.855,-23.313
-70,-70,-79.86,-23.314
-70,-70,-79.866,-23.315
-70,-70,-79.871,-23.317
-70,-70,-79.876,-23.318
-70,-70,-79.881,-23.319
-70,-70,-79.886,-23.32
-70,-70,-79.89,-23.321
-70,-70,-79.895,-23.322
-70,-70,-79.899,-23.323
-70,-70,-79.903,-23.324
-70,-70,-79.907,-23.325
-70,-70,-79.91,-23.325
-70,-70,-79.914,-23.326
-70,-70,-79.917,-23.327
-70,-70,-79.921,-23.327
-70,-70,-79.924,-23.328
-70,-70,-79.927,-23.329
-70,-70,-79.93,-23.329
-70,-70,-79.932,-23.33
-70,-70,-79.935,-23.33
-70,-70,-79.938,-23.33
-70,-70,-79.94,-23.331
-70,-70,-79.942,-23.331
-70,-70,-79.945,-23.332
-70,-70,-79.947,-23.332
-70,-70,-79.949,-23.332
-70,-70,-79.951,-23.332
-70,-70,-79.953,-23.333
-70,-70,-79.955,-23.333
-70,-70,-79.956,-23.333
-70,-70,-79.958,-23.333
-70,-70,-79.96,-23.334
-70,-70,-79.961,-23.334
-70,-70,-79.963,-23.334
-70,-70,-79.964,-23.334
-70,-70,-79.966,-23.334
-70,-70,-79.967,-23.335
-70,-70,-79.968,-23.335
-70,-70,-79.969,-23.335
-70,-70,-79.971,-23.335
-70,-70,-79.972,-23.335
-70,-70,-79.973,-23.335
-70,-70,-79.974,-23.335
-70,-70,-79.975,-23.335
-70,-70,-79.976,-23.336
-70,-70,-79.977,-23.336
-70,-70,-79.978,-23.336
-70,-70,-79.978,-23.336
-70,-70,-79.979,-23.336
-70,-70,-79.98,-23.336
-70,-70,-79.981,-23.336
-70,-70,-79.982,-23.336
-70,-70,-79.982,-23.336
-70,-70,-79.983,-23.336
-70,-70,-79.984,-23.336
-70,-70,-79.984,-23.336
-70,-70,-79.985,-23.336
-70,-70,-79.985,-23.336
-70,-70,-79.986,-23.336
-70,-70,-79.986,-23.336
-70,-70,-79.987,-23.337
-70,-70,-79.987,-23.337
-70,-70,-79.988,-23.337
-70,-70,-79.988,-23.337
-70,-70,-79.989,-23.337
-70,-70,-79.989,-23.337
-70,-70,-79.989,-23.337
-70,-70,-79.99,-23.337
-70,-70,-79.99,-23.337
-70,-70,-79.99,-23.337
-70,-70,-79.991,-23.337
-70,-70,-79.991,-23.337
-70,-70,-79.991,-23.337
-70,-70,-79.992,-23.337
-70,-70,-79.992,-23.337
-70,-70,-79.992,-23.337
-70,-70,-79.993,-23.337
-70,-70,-79.993,-23.337
-70,-70,-79.993,-23.337
-70,-70,-79.993,-23.337
-70,-70,-79.993,-23.337
-70,-70,-79.994,-23.337
-70,-70,-79.994,-23.337
-70,-70,-79.994,-23.337
-70,-70,-79.994,-23.337
-70,-70,-79.994,-23.337
-70,-70,-79.995,-23.337
-70,-70,-79.995,-23.337
-70,-70,-79.995,-23.337
-70,-70,-79.995,-23.337
-70,-70,-79.995,-23.337
-70,-70,-79.995,-23.337
-70,-70,-79.996,-23.337
-70,-70,-79.996,-23.337
-70,-70,-79.996,-23.337
-70,-70,-79.996,-23.337
-70,-70,-79.996,-23.337
-70,-70,-79.996,-23.337
-70,-70,-79.996,-23.337
-70,-70,-79.996,-23.337
-70,-70,-79.996,-23.337
-70,-70,-79.997,-23.337
-70,-70,-79.997,-23.337
-70,-70,-79.997,-23.337
-70,-70,-79.997,-23.337
-70,-70,-79.997,-23.337
-70,-70,-79.997,-23.337
-70,-70,-79.997,-23.337
-70,-70,-79.997,-23.337
-70,-70,-79.997,-23.337
-70,-70,-79.997,-23.337
-70,-70,-79.997,-23.337
-70,-70,-79.997,-23.337
-70,-70,-79.997,-23.337
-70,-70,-79.997,-23.337
-70,-70,-79.998,-23.337
-70,-70,-79.998,-23.337
-70,-70,-79.998,-23.337
-70,-70,-79.998,-23.337
-70,-70,-79.998,-23.337
-70,-70,-79.998,-23.337
-70,-70,-79.998,-23.337
-70,-70,-79.998,-23.337
-70,-70,-79.998,-23.337
-70,-70,-79.998,-23.337
-70,-70,-79.998,-23.337
-70,-70,-79.998,-23.337
-70,-70,-79.998,-23.337
-70,-70,-79.998,-23.337
-70,-70,-79.998,-23.337
-70,-70,-79.998,-23.337
-70,-70,-79.998,-23.337
-70,-70,-79.998,-23.337
-70,-70,-79.998,-23.337
-70,-70,-79.998,-23.337
-70,-70,-79.998,-23.337
-70,-70,-79.998,-23.337
-70,-70,-79.998,-23.337
-70,-70,-79.998,-23.337
-70,-70,-79.998,-23.337
-70,-70,-79.998,-23.337
-70,-70,-79.998,-23.337
-70,-70,-79.998,-23.337
-70,-70,-79.998,-23.337
-70,-70,-79.998,-23.337
-70,-70,-79.998,-23.337
-70,-70,-79.998,-23.337
-70,-70,-79.998,-23.337
-70,-70,-79.998,-23.337
-70,-70,-79.998,-23.337
-70,-70,-79.998,-23.337
-70,-70,-79.998,-23.337
-70,-70,-79.998,-23.337
-70,-70,-79.999,-23.337
-70,-70,-79.999,-23.337
-70,-70,-79.999,-23.337
-70,-70,-79.999,-23.337
-70,-70,-79.999,-23.337
-70,-70,-79.999,-23.337
-70,-70,-79.999,-23.337
-70,-70,-79.999,-23.337
-70,-70,-79.999,-23.337
-70,-70,-79.999,-23.337
-70,-70,-79.999,-23.337
-70,-70,-79.999,-23.337
-70,-70,-79.999,-23.337
-70,-70,-79.999,-23.337
-70,-70,-79.999,-23.337
-70,-70,-79.999,-23.337
-70,-70,-79.999,-23.337
-70,-70,-79.999,-23.337
-70,-70,-79.999,-23.337
-70,-70,-79.999,-23.337
-70,-70,-79.999,-23.337
-70,-70,-79.999,-23.337
-70,-70,-79.999,-23.337
-70,-70,-79.999,-23.337
-70,-70,-79.999,-23.337
-70,-70,-79.999,-23.337
-70,-70,-79.999,-23.337
-70,-70,-79.999,-23.337
-70,-70,-79.999,-23.337
-70,-70,-79.999,-23.337
-70,-70,-79.999,-23.337
-70,-70,-79.999,-23.337
-70,-70,-79.999,-23.337
-70,-70,-79.999,-23.337
-70,-70,-79.999,-23.337
-70,-70,-79.999,-23.337
-70,-70,-79.999,-23.337
-70,-70,-79.999,-23.337
-70,-70,-79.999,-23.337
-70,-70,-79.999,-23.337
-70,-70,-79.999,-23.337
-70,-70,-79.999,-23.337
-70,-70,-79.999,-23.337
-70,-70,-79.999,-23.337
-70,-70,-79.999,-23.337
-70,-70,-79.999,-23.337
-70,-70,-79.999,-23.337
-70,-70,-79.999,-23.337
-70,-70,-79.999,-23.337
-70,-70,-79.999,-23.337
-70,-70,-79.999,-23.337
-70,-70,-79.999,-23.337
-70,-70,-79.999,-23.337
-70,-70,-79.999,-23.337
-70,-70,-79.999,-23.337
-70,-70,-79.999,-23.337
-70,-70,-79.999,-23.337
-70,-70,-79.999,-23.337
-70,-70,-79.999,-23.337
-70,-70,-79.999,-23.337
-70,-70,-79.999,-23.337
-70,-70,-79.999,-23.337
-70,-70,-79.999,-23.337
-70,-70,-79.999,-23.337
-70,-70,-79.999,-23.337
-70,-70,-79.999,-23.337
-70,-70,-79.999,-23.337
-70,-70,-79.999,-23.337
-70,-70,-79.999,-23.337
-70,-70,-79.999,-23.337
-70,-70,-79.999,-23.337
-70,-70,-79.999,-23.337
-70,-70,-79.999,-23.337
-70,-70,-79.999,-23.337
-70,-70,-79.999,-23.337
-70,-70,-79.999,-23.337
-70,-70,-79.999,-23.337
-70,-70,-79.999,-23.337
-70,-70,-79.999,-23.337
-70,-70,-79.999,-23.337
-70,-70,-79.999,-23.337
-70,-70,-79.999,-23.337
-70,-70,-79.999,-23.337
-70,-70,-79.999,-23.337
-70,-70,-79.999,-23.337
-70,-70,-79.999,-23.337
-70,-70,-79.999,-23.337
-70,-70,-79.999,-23.337
-70,-70,-79.999,-23.337
-70,-70,-79.999,-23.337
-70,-70,-79.999,-23.337
-70,-70,-79.999,-23.337
-70,-70,-79.999,-23.337
-70,-70,-79.999,-23.337
-70,-70,-79.999,-23.337
-70,-70,-79.999,-23.337
-70,-70,-79.999,-23.337
-70,-70,-79.999,-23.337
-70,-70,-79.999,-23.337
-70,-70,-79.999,-23.337
-70,-70,-79.999,-23.337
-70,-70,-79.999,-23.337
-70,-70,-79.999,-23.337
-70,-70,-79.999,-23.337
-70,-70,-79.999,-23.337
-70,-70,-79.999,-23.337
-70,-70,-79.999,-23.337
-70,-70,-79.999,-23.337
-70,-70,-79.999,-23.337
-70,-70,-79.999,-23.337
-70,-70,-79.999,-23.337
-70,-70,-79.999,-23.337
-70,-70,-79.999,-23.337
-70,-70,-79.999,-23.337
-70,-70,-79.999,-23.337
-70,-70,-79.999,-23.337
-70,-70,-79.999,-23.337
-70,-70,-79.999,-23.337
-70,-70,-79.999,-23.337
-70,-70,-79.999,-23.337
-70,-70,-79.999,-23.337
-70,-70,-79.999,-23.337
-70,-70,-79.999,-23.337
-70,-70,-79.999,-23.337
-70,-70,-79.999,-23.337
-70,-70,-79.999,-23.337
-70,-70,-79.999,-23.337
-70,-70,-79.999,-23.337
-70,-70,-79.999,-23.337
-70,-70,-79.999,-23.337
-70,-70,-79.999,-23.337
-70,-70,-79.999,-23.337
-70,-70,-79.999,-23.337
-70,-70,-79.999,-23.337
-70,-70,-79.999,-23.337
-70,-70,-79.999,-23.337
-70,-70,-79.999,-23.337
-70,-70,-79.999,-23.337
-70,-70,-79.999,-23.337
-70,-70,-79.999,-23.337
-70,-70,-79.999,-23.337
-70,-70,-79.999,-23.337
-70,-70,-79.999,-23.337
-70,-70,-79.999,-23.337
-70,-70,-79.999,-23.337
-70,-70,-79.999,-23.337
-70,-70,-79.999,-23.337
-70,-70,-79.999,-23.337
-70,-70,-79.999,-23.337
-70,-70,-79.999,-23.337
-70,-70,-79.999,-23.337
-70,-70,-79.999,-23.337
-70,-70,-79.999,-23.337
-70,-70,-79.999,-23.337
-70,-70,-79.999,-23.337
-70,-70,-79.999,-23.337
-70,-70,-79.999,-23.337
-70,-70,-79.999,-23.337
-70,-70,-79.999,-23.337
-70,-70,-79.999,-23.337
-70,-70,-79.999,-23.337
-70,-70,-79.999,-23.337
-70,-70,-79.999,-23.337
-70,-70,-79.999,-23.337
-70,-70,-79.999,-23.337
-70,-70,-79.999,-23.337
-70,-70,-79.999,-23.337
-70,-70,-79.999,-23.337
-70,-70,-79.999,-23.337
-70,-70,-79.999,-23.337
-70,-70,-79.999,-23.337
-70,-70,-79.999,-23.337
-70,-70,-79.999,-23.337
-70,-70,-79.999,-23.337
-70,-70,-79.999,-23.337
-70,-70,-79.999,-23.337
-70,-70,-79.999,-23.337
-70,-70,-79.999,-23.337
-70,-70,-79.999,-23.337
-70,-70,-79.999,-23.337
-70,-70,-79.999,-23.337
-70,-70,-79.999,-23.337
-70,-70,-79.999,-23.337
-70,-70,-79.999,-23.337
-70,-70,-79.999,-23.337
-70,-70,-79.999,-23.337
-70,-70,-79.999,-23.337
-70,-70,-79.999,-23.337
-70,-70,-79.999,-23.337
-70,-70,-79.999,-23.337
-70,-70,-79.999,-23.337
-70,-70,-79.999,-23.337
-70,-70,-79.999,-23.337
-70,-70,-79.999,-23.337
-70,-70,-79.999,-23.337
-70,-70,-79.999,-23.337
-70,-70,-79.999,-23.337
-70,-70,-79.999,-23.337
-70,-70,-79.999,-23.337
-70,-70,-79.999,-23.337
-70,-70,-79.999,-23.337
-70,-70,-79.999,-23.337
-70,-70,-79.999,-23.337
-70,-70,-79.999,-23.337
-70,-70,-79.999,-23.337
-70,-70,-79.999,-23.337
-70,-70,-79.999,-23.337
-70,-70,-79.999,-23.337
-70,-70,-79.999,-23.337
-70,-70,-79.999,-23.337
-70,-70,-79.999,-23.337
-70,-70,-79.999,-23.337
-70,-70,-79.999,-23.337
-70,-70,-79.999,-23.337
-70,-70,-79.999,-23.337
-70,-70,-79.999,-23.337
-70,-70,-79.999,-23.337
-70,-70,-79.999,-23.337
-70,-70,-79.999,-23.337
-70,-70,-79.999,-23.337
-70,-70,-79.999,-23.337
-70,-70,-79.999,-23.337
-70,-70,-79.999,-23.337
-70,-70,-79.999,-23.337
-70,-70,-79.999,-23.337
-70,-70,-79.999,-23.337
-70,-70,-79.999,-23.337
-70,-70,-79.999,-23.337
-70,-70,-79.999,-23.337
-70,-70,-79.999,-23.337
-70,-70,-79.999,-23.337
-70,-70,-79.999,-23.337
-70,-70,-79.999,-23.337
-70,-70,-79.999,-23.337
-70,-70,-79.999,-23.337
-70,-70,-79.999,-23.337
-70,-70,-79.999,-23.337
-70,-70,-79.999,-23.337
-70,-70,-79.999,-23.337
-70,-70,-79.999,-23.337
-70,-70,-79.999,-23.337
-70,-70,-79.999,-23.337
-70,-70,-79.999,-23.337
-70,-70,-79.999,-23.337
-70,-70,-79.999,-23.337
-70,-70,-79.999,-23.337
-70,-70,-79.999,-23.337
-70,-70,-79.999,-23.337
-70,-70,-79.999,-23.337
-70,-70,-79.999,-23.337
-70,-70,-79.999,-23.337
-70,-70,-79.999,-23.337
-70,-70,-79.999,-23.337
-70,-70,-79.999,-23.337
-70,-70,-79.999,-23.337
-70,-70,-79.999,-23.337
-70,-70,-79.999,-23.337
-70,-70,-79.999,-23.337
-70,-70,-79.999,-23.337
-70,-70,-79.999,-23.337
-70,-70,-79.999,-23.337
-70,-70,-79.999,-23.337
-70,-70,-79.999,-23.337
-70,-70,-79.999,-23.337
-70,-70,-79.999,-23.337
-70,-70,-79.999,-23.337
-70,-70,-79.999,-23.337
-70,-70,-79.999,-23.337
-70,-70,-79.999,-23.337
-70,-70,-79.999,-23.337
-70,-70,-79.999,-23.337
-70,-70,-79.999,-23.337
-70,-70,-79.999,-23.337
-70,-70,-79.999,-23.337
-70,-70,-79.999,-23.337
-70,-70,-79.999,-23.337
-70,-70,-79.999,-23.337
-70,-70,-79.999,-23.337
-70,-70,-79.999,-23.337
-70,-70,-79.999,-23.337
-70,-70,-79.999,-23.337
-70,-70,-79.999,-23.337
-70,-70,-79.999,-23.337
-70,-70,-79.999,-23.337
-70,-70,-79.999,-23.337
-70,-70,-79.999,-23.337
-70,-70,-79.999,-23.337
-70,-70,-79.999,-23.337
-70,-70,-79.999,-23.337
-70,-70,-79.999,-23.337
-70,-70,-79.999,-23.337
-70,-70,-79.999,-23.337
-70,-70,-79.999,-23.337
-70,-70,-79.999,-23.337
-70,-70,-79.999,-23.337
-70,-70,-79.999,-23.337
-70,-70,-79.999,-23.337
-70,-70,-79.999,-23.337
-70,-70,-79.999,-23.337
-70,-70,-79.999,-23.337
-70,-70,-79.999,-23.337
-70,-70,-79.999,-23.337
-70,-70,-79.999,-23.337
-70,-70,-79.999,-23.337
-70,-70,-79.999,-23.337
-70,-70,-79.999,-23.337
-70,-70,-79.999,-23.337
-70,-70,-79.999,-23.337
-70,-70,-79.999,-23.337
-70,-70,-79.999,-23.337
-70,-70,-79.999,-23.337
-70,-70,-79.999,-23.337
-70,-70,-79.999,-23.337
-70,-70,-79.999,-23.337
-70,-70,-79.999,-23.337
-70,-70,-79.999,-23.337
-70,-70,-79.999,-23.337
-70,-70,-79.999,-23.337
-70,-70,-79.999,-23.337
-70,-70,-79.999,-23.337
-70,-70,-79.999,-23.337
-70,-70,-79.999,-23.337
-70,-70,-79.999,-23.337
-70,-70,-79.999,-23.337
-70,-70,-79.999,-23.337
-70,-70,-79.999,-23.337
-70,-70,-79.999,-23.337
-70,-70,-79.999,-23.337
-70,-70,-79.999,-23.337
-70,-70,-79.999,-23.337
-70,-70,-79.999,-23.337
-70,-70,-79.999,-23.337
-70,-70,-79.999,-23.337
-70,-70,-79.999,-23.337
-70,-70,-79.999,-23.337
-70,-70,-79.999,-23.337
-70,-70,-79.999,-23.337
-70,-70,-79.999,-23.337
-70,-70,-79.999,-23.337
-70,-70,-79.999,-23.337
-70,-70,-79.999,-23.337
-70,-70,-79.999,-23.337
-70,-70,-79.999,-23.337
-70,-70,-79.999,-23.337
-70,-70,-79.999,-23.337
-70,-70,-79.999,-23.337
-70,-70,-79.999,-23.337
-70,-70,-79.999,-23.337
-70,-70,-79.999,-23.337
-70,-70,-79.999,-23.337
-70,-70,-79.999,-23.337
-70,-70,-79.999,-23.337
-70,-70,-79.999,-23.337
-70,-70,-79.999,-23.337
-70,-70,-79.999,-23.337
-70,-70,-79.999,-23.337
-70,-70,-79.999,-23.337
-70,-70,-79.999,-23.337
-70,-70,-79.999,-23.337
-70,-70,-79.999,-23.337
-70,-70,-79.999,-23.337
-70,-70,-79.999,-23.337
-70,-70,-79.999,-23.337
-70,-70,-79.999,-23.337
-70,-70,-79.999,-23.337
-70,-70,-79.999,-23.337
-70,-70,-79.999,-23.337
-70,-70,-79.999,-23.337
-70,-70,-79.999,-23.337
-70,-70,-79.999,-23.337
-70,-70,-79.999,-23.337
-70,-70,-79.999,-23.337
-70,-70,-79.999,-23.337
-70,-70,-79.999,-23.337
-70,-70,-79.999,-23.337
-70,-70,-79.999,-23.337
-70,-70,-79.999,-23.337
-70,-70,-79.999,-23.337
-70,-70,-79.999,-23.337
-70,-70,-79.999,-23.337
-70,-70,-79.999,-23.337
-70,-70,-79.999,-23.337
-70,-70,-79.999,-23.337
-70,-70,-79.999,-23.337
-70,-70,-79.999,-23.337
-70,-70,-79.999,-23.337
-70,-70,-79.999,-23.337
-70,-70,-79.999,-23.337
-70,-70,-79.999,-23.337
-70,-70,-79.999,-23.337
-70,-70,-79.999,-23.337
-70,-70,-79.999,-23.337
-70,-70,-79.999,-23.337
-70,-70,-79.999,-23.337
-70,-70,-79.999,-23.337
-70,-70,-79.999,-23.337
-70,-70,-79.999,-23.337
-70,-70,-79.999,-23.337
-70,-70,-79.999,-23.337
-70,-70,-79.999,-23.337
-70,-70,-79.999,-23.337
-70,-70,-79.999,-23.337
-70,-70,-79.999,-23.337
-70,-70,-79.999,-23.337
-70,-70,-79.999,-23.337
-70,-70,-79.999,-23.337
-70,-70,-79.999,-23.337
-70,-70,-79.999,-23.337
-70,-70,-79.999,-23.337
-70,-70,-79.999,-23.337
-70,-70,-79.999,-23.337
-70,-70,-79.999,-23.337
-70,-70,-79.999,-23.337
-70,-70,-79.999,-23.337
-70,-70,-79.999,-23.337
-70,-70,-79.999,-23.337
-70,-70,-79.999,-23.337
-70,-70,-79.999,-23.337
-70,-70,-79.999,-23.337
-70,-70,-79.999,-23.337
-70,-70,-79.999,-23.337
-70,-70,-79.999,-23.337
-70,-70,-79.999,-23.337
-70,-70,-79.999,-23.337
-70,-70,-79.999,-23.337
-70,-70,-79.999,-23.337
-70,-70,-79.999,-23.337
-70,-70,-79.999,-23.337
-70,-70,-79.999,-23.337
-70,-70,-79.999,-23.337
-70,-70,-79.999,-23.337
-70,-70,-79.999,-23.337
-70,-70,-79.999,-23.337
-70,-70,-79.999,-23.337
-70,-70,-79.999,-23.337
-70,-70,-79.999,-23.337
-70,-70,-79.999,-23.337
-70,-70,-79.999,-23.337
-70,-70,-79.999,-23.337
-70,-70,-79.999,-23.337
-70,-70,-79.999,-23.337
-70,-70,-79.999,-23.337
-70,-70,-79.999,-23.337
-70,-70,-79.999,-23.337
-70,-70,-79.999,-23.337
-70,-70,-79.999,-23.337
-70,-70,-79.999,-23.337
-70,-70,-79.999,-23.337
-70,-70,-79.999,-23.337
-70,-70,-79.999,-23.337
-70,-70,-79.999,-23.337
-70,-70,-79.999,-23.337
-70,-70,-79.999,-23.337
-70,-70,-79.999,-23.337
-70,-70,-79.999,-23.337
-70,-70,-79.999,-23.337
-70,-70,-79.999,-23.337
-70,-70,-79.999,-23.337
-70,-70,-79.999,-23.337
-70,-70,-79.999,-23.337
-70,-70,-79.999,-23.337
-70,-70,-79.999,-23.337
-70,-70,-79.999,-23.337
-70,-70,-79.999,-23.337
-70,-70,-79.999,-23.337
-70,-70,-79.999,-23.337
-70,-70,-79.999,-23.337
-70,-70,-79.999,-23.337
-70,-70,-79.999,-23.337
-70,-70,-79.999,-23.337
-70,-70,-79.999,-23.337
-70,-70,-79.999,-23.337
-70,-70,-79.999,-23.337
-70,-70,-79.999,-23.337
-70,-70,-79.999,-23.337
-70,-70,-79.999,-23.337
-70,-70,-79.999,-23.337
-70,-70,-79.999,-23.337
-70,-70,-79.999,-23.337
-70,-70,-79.999,-23.337
-70,-70,-79.999,-23.337
-70,-70,-79.999,-23.337
-70,-70,-79.999,-23.337
-70,-70,-79.999,-23.337
-70,-70,-79.999,-23.337
-70,-70,-79.999,-23.337
-70,-70,-79.999,-23.337
-70,-70,-79.999,-23.337
-70,-70,-79.999,-23.337
-70,-70,-79.999,-23.337
-70,-70,-79.999,-23.337
-70,-70,-79.999,-23.337
-70,-70,-79.999,-23.337
-70,-70,-79.999,-23.337
-70,-70,-79.999,-23.337
-70,-70,-79.999,-23.337
-70,-70,-79.999,-23.337
-70,-70,-79.999,-23.337
-70,-70,-79.999,-23.337
-70,-70,-79.999,-23.337
-70,-70,-79.999,-23.337
-70,-70,-79.999,-23.337
-70,-70,-79.999,-23.337
-70,-70,-79.999,-23.337
-70,-70,-79.999,-23.337
-70,-70,-79.999,-23.337
-70,-70,-79.999,-23.337
-70,-70,-79.999,-23.337
-70,-70,-79.999,-23.337
-70,-70,-79.999,-23.337
-70,-70,-79.999,-23.337
-70,-70,-79.999,-23.337
-70,-70,-79.999,-23.337
-70,-70,-79.999,-23.337
-70,-70,-79.999,-23.337
-70,-70,-79.999,-23.337
-70,-70,-79.999,-23.337
-70,-70,-79.999,-23.337
-70,-70,-79.999,-23.337
-70,-70,-79.999,-23.337
-70,-70,-79.999,-23.337
-70,-70,-79.999,-23.337
-70,-70,-79.999,-23.337
-70,-70,-79.999,-23.337
-70,-70,-79.999,-23.337
-70,-70,-79.999,-23.337
-70,-70,-79.999,-23.337
-70,-70,-79.999,-23.337
-70,-70,-79.999,-23.337
-70,-70,-79.999,-23.337
-70,-70,-79.999,-23.337
-70,-70,-79.999,-23.337
-70,-70,-79.999,-23.337
-70,-70,-79.999,-23.337
-70,-70,-79.999,-23.337
-70,-70,-79.999,-23.337
-70,-70,-79.999,-23.337
-70,-70,-79.999,-23.337
-70,-70,-79.999,-23.337
-70,-70,-79.999,-23.337
-70,-70,-79.999,-23.337
-70,-70,-79.999,-23.337
-70,-70,-79.999,-23.337
-70,-70,-79.999,-23.337
-70,-70,-79.999,-23.337
-70,-70,-79.999,-23.337
-70,-70,-79.999,-23.337
-70,-70,-79.999,-23.337
-70,-70,-79.999,-23.337
-70,-70,-79.999,-23.337
-70,-70,-79.999,-23.337
-70,-70,-79.999,-23.337
-70,-70,-79.999,-23.337
-70,-70,-79.999,-23.337
-70,-70,-79.999,-23.337
-70,-70,-79.999,-23.337
-70,-70,-79.999,-23.337
-70,-70,-79.999,-23.337
-70,-70,-79.999,-23.337
-70,-70,-79.999,-23.337
-70,-70,-79.999,-23.337
-70,-70,-79.999,-23.337
-70,-70,-79.999,-23.337
-70,-70,-79.999,-23.337
-70,-70,-79.999,-23.337
-70,-70,-79.999,-23.337
-70,-70,-79.999,-23.337
-70,-70,-79.999,-23.337
-70,-70,-79.999,-23.337
-70,-70,-79.999,-23.337
-70,-70,-79.999,-23.337
-70,-70,-79.999,-23.337
-70,-70,-79.999,-23.337
-70,-70,-79.999,-23.337
-70,-70,-79.999,-23.337
-70,-70,-79.999,-23.337
-70,-70,-79.999,-23.337
-70,-70,-79.999,-23.337
-70,-70,-79.999,-23.337
-70,-70,-79.999,-23.337
-70,-70,-79.999,-23.337
-70,-70,-79.999,-23.337
-70,-70,-79.999,-23.337
-70,-70,-79.999,-23.337
-70,-70,-79.999,-23.337
-70,-70,-79.999,-23.337
-70,-70,-79.999,-23.337
-70,-70,-79.999,-23.337
-70,-70,-79.999,-23.337
-70,-70,-79.999,-23.337
-70,-70,-79.999,-23.337
-70,-70,-79.999,-23.337
-70,-70,-79.999,-23.337
-70,-70,-79.999,-23.337
-70,-70,-79.999,-23.337
-70,-70,-79.999,-23.337
-70,-70,-79.999,-23.337
-70,-70,-79.999,-23.337
-70,-70,-79.999,-23.337
-70,-70,-79.999,-23.337
-70,-70,-79.999,-23.337
-70,-70,-79.999,-23.337
-70,-70,-79.999,-23.337
-70,-70,-79.999,-23.337
-70,-70,-79.999,-23.337
-70,-70,-79.999,-23.337
-70,-70,-79.999,-23.337
-70,-70,-79.999,-23.337
-70,-70,-79.999,-23.337
-70,-70,-79.999,-23.337
-70,-70,-79.999,-23.337
-70,-70,-79.999,-23.337
-70,-70,-79.999,-23.337
-70,-70,-79.999,-23.337
-70,-70,-79.999,-23.337
-70,-70,-79.999,-23.337
-70,-70,-79.999,-23.337
-70,-70,-79.999,-23.337
-70,-70,-79.999,-23.337
-70,-70,-79.999,-23.337
-70,-70,-79.999,-23.337
-70,-70,-79.999,-23.337
-70,-70,-79.999,-23.337
-70,-70,-79.999,-23.337
-70,-70,-79.999,-23.337
-70,-70,-79.999,-23.337
-70,-70,-79.999,-23.337
-70,-70,-79.999,-23.337
-70,-70,-79.999,-23.337
-70,-70,-79.999,-23.337
-70,-70,-79.999,-23.337
-70,-70,-79.999,-23.337
-70,-70,-79.999,-23.337
-70,-70,-79.999,-23.337
-70,-70,-79.999,-23.337
-70,-70,-79.999,-23.337
-70,-70,-79.999,-23.337
-70,-70,-79.999,-23.337
-70,-70,-79.999,-23.337
-70,-70,-79.999,-23.337
-70,-70,-79.999,-23.337
-70,-70,-79.999,-23.337
-70,-70,-79.999,-23.337
-70,-70,-79.999,-23.337
-70,-70,-79.999,-23.337
-70,-70,-79.999,-23.337
-70,-70,-79.999,-23.337
-70,-70,-79.999,-23.337
-70,-70,-79.999,-23.337
-70,-70,-79.999,-23.337
-70,-70,-79.999,-23.337
-70,-70,-79.999,-23.337
-70,-70,-79.999,-23.337
-70,-70,-79.999,-23.337
-70,-70,-79.999,-23.337
-70,-70,-79.999,-23.337
-70,-70,-79.999,-23.337
-70,-70,-79.999,-23.337
-70,-70,-79.999,-23.337
-70,-70,-79.999,-23.337
-70,-70,-79.999,-23.337
-70,-70,-79.999,-23.337
-70,-70,-79.999,-23.337
-70,-70,-79.999,-23.337
-70,-70,-79.999,-23.337
-70,-70,-79.999,-23.337
-70,-70,-79.999,-23.337
-70,-70,-79.999,-23.337
-70,-70,-79.999,-23.337
-70,-70,-79.999,-23.337
-70,-70,-79.999,-23.337
-70,-70,-79.999,-23.337
-70,-70,-79.999,-23.337
-70,-70,-79.999,-23.337
-70,-70,-79.999,-23.337
-70,-70,-79.999,-23.337
-70,-70,-79.999,-23.337
-70,-70,-79.999,-23.337
-70,-70,-79.999,-23.337
-70,-70,-79.999,-23.337
-70,-70,-79.999,-23.337
-70,-70,-79.999,-23.337
-70,-70,-79.999,-23.337
-70,-70,-79.999,-23.337
-70,-70,-79.999,-23.337
-70,-70,-79.999,-23.337
-70,-70,-79.999,-23.337
-70,-70,-79.999,-23.337
-70,-70,-79.999,-23.337
-70,-70,-79.999,-23.337
-70,-70,-79.999,-23.337
-70,-70,-79.999,-23.337
-70,-70,-79.999,-23.337
-70,-70,-79.999,-23.337
-70,-70,-79.999,-23.337
-70,-70,-79.999,-23.337
-70,-70,-79.999,-23.337
-70,-70,-79.999,-23.337
-70,-70,-79.999,-23.337
-70,-70,-79.999,-23.337
-70,-70,-79.999,-23.337
-70,-70,-79.999,-23.337
-70,-70,-79.999,-23.337
-70,-70,-79.999,-23.337
-70,-70,-79.999,-23.337
-70,-70,-79.999,-23.337
-70,-70,-79.999,-23.337
-70,-70,-79.999,-23.337
-70,-70,-79.999,-23.337
-70,-70,-79.999,-23.337
-70,-70,-79.999,-23.337
-70,-70,-79.999,-23.337
-70,-70,-79.999,-23.337
-70,-70,-79.999,-23.337
-70,-70,-79.999,-23.337
-70,-70,-79.999,-23.337
-70,-70,-79.999,-23.337
-70,-70,-79.999,-23.337
-70,-70,-79.999,-23.337
-70,-70,-79.999,-23.337
-70,-70,-79.999,-23.337
-70,-70,-79.999,-23.337
-70,-70,-79.999,-23.337
-70,-70,-79.999,-23.337
-70,-70,-79.999,-23.337
-70,-70,-79.999,-23.337
-70,-70,-79.999,-23.337
-70,-70,-79.999,-23.337
-70,-70,-79.999,-23.337
-70,-70,-79.999,-23.337
-70,-70,-79.999,-23.337
-70,-70,-79.999,-23.337
-70,-70,-79.999,-23.337
-70,-70,-79.999,-23.337
-70,-70,-79.999,-23.337
-70,-70,-79.999,-23.337
-70,-70,-79.999,-23.337
-70,-70,-79.999,-23.337
-70,-70,-79.999,-23.337
-70,-70,-79.999,-23.337
-70,-70,-79.999,-23.337
-70,-70,-79.999,-23.337
-70,-70,-79.999,-23.337
-70,-70,-79.999,-23.337
-70,-70,-79.999,-23.337
-70,-70,-79.999,-23.337
-70,-70,-79.999,-23.337
-70,-70,-79.999,-23.337
-70,-70,-79.999,-23.337
-70,-70,-79.999,-23.337
-70,-70,-79.999,-23.337
-70,-70,-79.999,-23.337
-70,-70,-79.999,-23.337
-70,-70,-79.999,-23.337
-70,-70,-79.999,-23.337
-70,-70,-79.999,-23.337
-70,-70,-79.999,-23.337
-70,-70,-79.999,-23.337
-70,-70,-79.999,-23.337
-70,-70,-79.999,-23.337
-70,-70,-79.999,-23.337
-70,-70,-79.999,-23.337
-70,-70,-79.999,-23.337
-70,-70,-79.999,-23.337
-70,-70,-79.999,-23.337
-70,-70,-79.999,-23.337
-70,-70,-79.999,-23.337
-70,-70,-79.999,-23.337
-70,-70,-79.999,-23.337
-70,-70,-79.999,-23.337
-70,-70,-79.999,-23.337
-70,-70,-79.999,-23.337
-70,-70,-79.999,-23.337
-70,-70,-79.999,-23.337
-70,-70,-79.999,-23.337
-70,-70,-79.999,-23.337
-70,-70,-79.999,-23.337
-70,-70,-79.999,-23.337
-70,-70,-79.999,-23.337
-70,-70,-79.999,-23.337
-70,-70,-79.999,-23.337
-70,-70,-79.999,-23.337
-70,-70,-79.999,-23.337
-70,-70,-79.999,-23.337
-70,-70,-79.999,-23.337
-70,-70,-79.999,-23.337
-70,-70,-79.999,-23.337
-70,-70,-79.999,-23.337
-70,-70,-79.999,-23.337
-70,-70,-79.999,-23.337
-70,-70,-79.999,-23.337
-70,-70,-79.999,-23.337
-70,-70,-79.999,-23.337
-70,-70,-79.999,-23.337
-70,-70,-79.999,-23.337
-70,-70,-79.999,-23.337
-70,-70,-79.999,-23.337
-70,-70,-79.999,-23.337
-70,-70,-79.999,-23.337
-70,-70,-79.999,-23.337
-70,-70,-79.999,-23.337
-70,-70,-79.999,-23.337
-70,-70,-79.999,-23.337
-70,-70,-79.999,-23.337
-70,-70,-79.999,-23.337
-70,-70,-79.999,-23.337
-70,-70,-79.999,-23.337
-70,-70,-79.999,-23.337
-70,-70,-79.999,-23.337
-70,-70,-79.999,-23.337
-70,-70,-79.999,-23.337
-70,-70,-79.999,-23.337
-70,-70,-79.999,-23.337
-70,-70,-79.999,-23.337
-70,-70,-79.999,-23.337
-70,-70,-79.999,-23.337
-70,-70,-79.999,-23.337
-70,-70,-79.999,-23.337
-70,-70,-79.999,-23.337
-70,-70,-79.999,-23.337
-70,-70,-79.999,-23.337
-70,-70,-79.999,-23.337
-70,-70,-79.999,-23.337
-70,-70,-79.999,-23.337
-70,-70,-79.999,-23.337
-70,-70,-79.999,-23.337
-70,-70,-79.999,-23.337
-70,-70,-79.999,-23.337
-70,-70,-79.999,-23.337
-70,-70,-79.999,-23.337
-70,-70,-79.999,-23.337
-70,-70,-79.999,-23.337
-70,-70,-79.999,-23.337
-70,-70,-79.999,-23.337
-70,-70,-79.999,-23.337
-70,-70,-79.999,-23.337
-70,-70,-79.999,-23.337
-70,-70,-79.999,-23.337
-70,-70,-79.999,-23.337
-70,-70,-79.999,-23.337
-70,-70,-79.999,-23.337
-70,-70,-79.999,-23.337
-70,-70,-79.999,-23.337
-70,-70,-79.999,-23.337
-70,-70,-79.999,-23.337
-70,-70,-79.999,-23.337
-70,-70,-79.999,-23.337
-70,-70,-79.999,-23.337
-70,-70,-79.999,-23.337
-70,-70,-79.999,-23.337
-70,-70,-79.999,-23.337
-70,-70,-79.999,-23.337
-70,-70,-79.999,-23.337
-70,-70,-79.999,-23.337
-70,-70,-79.999,-23.337
-70,-70,-79.999,-23.337
-70,-70,-79.999,-23.337
-70,-70,-79.999,-23.337
-70,-70,-79.999,-23.337
-70,-70,-79.999,-23.337
-70,-70,-79.999,-23.337
-70,-70,-79.999,-23.337
-70,-70,-79.999,-23.337
-70,-70,-79.999,-23.337
-70,-70,-79.999,-23.337
-70,-70,-79.999,-23.337
-70,-70,-79.999,-23.337
-70,-70,-79.999,-23.337
-70,-70,-79.999,-23.337
-70,-70,-79.999,-23.337
-70,-70,-79.999,-23.337
-70,-70,-79.999,-23.337
-70,-70,-79.999,-23.337
-70,-70,-79.999,-23.337
-70,-70,-79.999,-23.337
-70,-70,-79.999,-23.337
-70,-70,-79.999,-23.337
-70,-70,-79.999,-23.337
-70,-70,-79.999,-23.337
-70,-70,-79.999,-23.337
-70,-70,-79.999,-23.337
-70,-70,-79.999,-23.337
-70,-70,-79.999,-23.337
-70,-70,-79.999,-23.337
-70,-70,-79.999,-23.337
-70,-70,-79.999,-23.337
-70,-70,-79.999,-23.337
-70,-70,-79.999,-23.337
-70,-70,-79.999,-23.337
-70,-70,-79.999,-23.337
-70,-70,-79.999,-23.337
-70,-70,-79.999,-23.337
-70,-70,-79.999,-23.337
-70,-70,-79.999,-23.337
-70,-70,-79.999,-23.337
-70,-70,-79.999,-23.337
-70,-70,-79.999,-23.337
-70,-70,-79.999,-23.337
-70,-70,-79.999,-23.337
-70,-70,-79.999,-23.337
-70,-70,-79.999,-23.337
-70,-70,-79.999,-23.337
-70,-70,-79.999,-23.337
-70,-70,-79.999,-23.337
-70,-70,-79.999,-23.337
-70,-70,-79.999,-23.337
-70,-70,-79.999,-23.337
-70,-70,-79.999,-23.337
-70,-70,-79.999,-23.337
-70,-70,-79.999,-23.337
-70,-70,-79.999,-23.337
-70,-70,-79.999,-23.337
-70,-70,-79.999,-23.337
-70,-70,-79.999,-23.337
-70,-70,-79.999,-23.337
-70,-70,-79.999,-23.337
-70,-70,-79.999,-23.337
-70,-70,-79.999,-23.337
-70,-70,-79.999,-23.337
-70,-70,-79.999,-23.337
-70,-70,-79.999,-23.337
-70,-70,-79.999,-23.337
-70,-70,-79.999,-23.337
-70,-70,-79.999,-23.337
-70,-70,-79.999,-23.337
-70,-70,-79.999,-23.337
-70,-70,-79.999,-23.337
-70,-70,-79.999,-23.337
-70,-70,-79.999,-23.337
-70,-70,-79.999,-23.337
-70,-70,-79.999,-23.337
-70,-70,-79.999,-23.337
-70,-70,-79.999,-23.337
-70,-70,-79.999,-23.337
-70,-70,-79.999,-23.337
-70,-70,-79.999,-23.337
-70,-70,-79.999,-23.337
-70,-70,-79.999,-23.337
-70,-70,-79.999,-23.337
-70,-70,-79.999,-23.337
-70,-70,-79.999,-23.337
-70,-70,-79.999,-23.337
-70,-70,-79.999,-23.337
-70,-70,-79.999,-23.337
-70,-70,-79.999,-23.337
-70,-70,-79.999,-23.337
-70,-70,-79.999,-23.337
-70,-70,-79.999,-23.337
-70,-70,-79.999,-23.337
-70,-70,-79.999,-23.337
-70,-70,-79.999,-23.337
